[
  {
    "href": "https://www.post.at/p/c/ems-express-mail-service",
    "url": "https://www.post.at/p/c/postexpress"
  },
  {
    "href": "https://www.post.at/sv/sendungssuche",
    "url": "https://www.post.at/s/sendungssuche"
  },
  {
    "href": "https://www.post.at/tr/tarifrechner",
    "url": "https://www.post.at/t/tarifrechner"
  },
  {
    "href": "https://www.post.at/co/c/immobilien",
    "url": "https://www.post.at/i/c/immobilien"
  },
  {
    "href": "https://www.post.at/co/c/impressum",
    "url": "https://www.post.at/i/c/impressum"
  },
  {
    "href": "https://www.post.at/co/c/alternative-streitbeilegung",
    "url": "https://www.post.at/i/c/alternative-streitbeilegung"
  },
  {
    "href": "https://www.post.at/co/c/agb",
    "url": "https://www.post.at/i/c/agb"
  }
]
